{
  "fp32": {
    "map": 0.3669436323014758,
    "map50": 0.5171514123046829
  },
  "int8": {
    "map": 0.3518473802443473,
    "map50": 0.502553134709417
  }
}