{
  "/model.0/act/Mul_output_0": {
    "shape": [
      1,
      16,
      320,
      320
    ],
    "values_flat_first_64": [
      22.630922317504883,
      2.903107166290283,
      2.437176465988159,
      1.4814209938049316,
      1.9541785717010498,
      0.6144142150878906,
      0.6144142150878906,
      1.4814209938049316,
      1.4814209938049316,
      1.0291439294815063,
      1.4814209938049316,
      1.4814209938049316,
      1.9541785717010498,
      1.4814209938049316,
      1.4814209938049316,
      1.4814209938049316,
      1.4814209938049316,
      1.0291439294815063,
      1.0291439294815063,
      0.6144142150878906,
      1.4814209938049316,
      1.0291439294815063,
      1.4814209938049316,
      1.4814209938049316,
      1.4814209938049316,
      1.0291439294815063,
      1.4814209938049316,
      1.4814209938049316,
      1.4814209938049316,
      0.6144142150878906,
      1.0291439294815063,
      1.4814209938049316,
      1.4814209938049316,
      0.2645394504070282,
      1.4814209938049316,
      1.4814209938049316,
      1.9541785717010498,
      1.4814209938049316,
      0.2645394504070282,
      1.4814209938049316,
      0.0,
      1.0291439294815063,
      1.4814209938049316,
      1.0291439294815063,
      0.6144142150878906,
      1.4814209938049316,
      1.4814209938049316,
      1.0291439294815063,
      -0.17067062854766846,
      3.3724513053894043,
      1.4814209938049316,
      1.4814209938049316,
      1.4814209938049316,
      1.4814209938049316,
      1.4814209938049316,
      1.4814209938049316,
      1.4814209938049316,
      1.4814209938049316,
      1.4814209938049316,
      1.4814209938049316,
      0.6144142150878906,
      1.0291439294815063,
      0.6144142150878906,
      2.437176465988159
    ],
    "min": -0.27648642659187317,
    "max": 43.956214904785156,
    "mean": 1.8228576183319092
  },
  "/model.2/cv1/act/Mul_output_0": {
    "shape": [
      1,
      32,
      160,
      160
    ],
    "values_flat_first_64": [
      -0.02229084074497223,
      4.069091320037842,
      4.614203929901123,
      5.6618733406066895,
      5.147157669067383,
      5.147157669067383,
      4.614203929901123,
      5.147157669067383,
      5.6618733406066895,
      6.176589012145996,
      5.6618733406066895,
      5.6618733406066895,
      5.6618733406066895,
      5.147157669067383,
      5.6618733406066895,
      5.6618733406066895,
      5.6618733406066895,
      5.147157669067383,
      4.614203929901123,
      5.6618733406066895,
      6.717648029327393,
      5.6618733406066895,
      6.176589012145996,
      4.614203929901123,
      4.069091320037842,
      4.614203929901123,
      4.614203929901123,
      5.147157669067383,
      4.614203929901123,
      5.147157669067383,
      6.176589012145996,
      4.069091320037842,
      5.147157669067383,
      5.147157669067383,
      5.6618733406066895,
      5.147157669067383,
      5.147157669067383,
      4.614203929901123,
      4.069091320037842,
      4.614203929901123,
      6.717648029327393,
      5.147157669067383,
      2.966708183288574,
      4.069091320037842,
      4.614203929901123,
      4.069091320037842,
      4.614203929901123,
      3.517899751663208,
      5.6618733406066895,
      6.717648029327393,
      5.147157669067383,
      4.069091320037842,
      5.147157669067383,
      6.176589012145996,
      4.614203929901123,
      6.717648029327393,
      6.176589012145996,
      7.2343902587890625,
      3.517899751663208,
      5.6618733406066895,
      5.6618733406066895,
      5.147157669067383,
      2.4013314247131348,
      3.517899751663208
    ],
    "min": -0.27356937527656555,
    "max": 23.770139694213867,
    "mean": 1.168444037437439
  },
  "/model.9/cv2/act/Mul_output_0": {
    "shape": [
      1,
      256,
      20,
      20
    ],
    "values_flat_first_64": [
      0.3628796339035034,
      0.43875443935394287,
      0.478341281414032,
      0.7701112031936646,
      0.6004008054733276,
      0.6854392290115356,
      0.478341281414032,
      0.3628796339035034,
      0.29323604702949524,
      0.3265916705131531,
      0.43875443935394287,
      0.40026721358299255,
      0.40026721358299255,
      0.29323604702949524,
      0.29323604702949524,
      0.3265916705131531,
      0.3628796339035034,
      0.3265916705131531,
      0.22579176723957062,
      0.43875443935394287,
      0.29323604702949524,
      0.43875443935394287,
      0.3265916705131531,
      0.5576983094215393,
      0.5160954594612122,
      0.5160954594612122,
      0.40026721358299255,
      0.43875443935394287,
      0.478341281414032,
      0.3628796339035034,
      0.29323604702949524,
      0.1937190741300583,
      0.1328725814819336,
      0.07642464339733124,
      0.29323604702949524,
      0.25896409153938293,
      0.25896409153938293,
      0.16274602711200714,
      0.16274602711200714,
      0.16274602711200714,
      0.25896409153938293,
      0.478341281414032,
      0.3265916705131531,
      0.3628796339035034,
      0.5160954594612122,
      0.478341281414032,
      0.22579176723957062,
      0.3628796339035034,
      0.29323604702949524,
      0.3628796339035034,
      0.478341281414032,
      0.6004008054733276,
      0.7701112031936646,
      0.5576983094215393,
      0.478341281414032,
      0.3628796339035034,
      0.1937190741300583,
      0.25896409153938293,
      0.22579176723957062,
      0.3265916705131531,
      0.1328725814819336,
      0.3265916705131531,
      0.29323604702949524,
      0.1937190741300583
    ],
    "min": -0.27949059009552,
    "max": 4.112635612487793,
    "mean": -0.10418222099542618
  },
  "/model.22/cv2.2/cv2.2.2/Conv_output_0": {
    "shape": [
      1,
      64,
      20,
      20
    ],
    "values_flat_first_64": [
      6.4647345542907715,
      3.2949888706207275,
      2.0845847129821777,
      2.231682777404785,
      1.808461308479309,
      1.9206759929656982,
      1.4961940050125122,
      1.2549537420272827,
      0.7863421440124512,
      0.8825863599777222,
      0.06009984016418457,
      0.20761799812316895,
      0.12230134010314941,
      2.676337718963623,
      0.7871829271316528,
      0.04076671600341797,
      7.5049238204956055,
      3.2655694484710693,
      1.1166820526123047,
      0.6543747186660767,
      7.499461650848389,
      3.4395649433135986,
      2.493516683578491,
      5.375791549682617,
      3.023068428039551,
      1.747520923614502,
      1.1708977222442627,
      1.0326257944107056,
      0.8044143915176392,
      0.6539543867111206,
      -0.1693727970123291,
      0.40556907653808594,
      0.12188076972961426,
      0.03236103057861328,
      -0.05631732940673828,
      0.262253999710083,
      4.333078384399414,
      3.3038148880004883,
      1.0981897115707397,
      0.6346215009689331,
      8.381628036499023,
      3.9737401008605957,
      2.2363057136535645,
      5.999905586242676,
      3.3223073482513428,
      1.815185785293579,
      0.9183099269866943,
      0.2273709774017334,
      0.3013402223587036,
      0.3004993200302124,
      -0.30218076705932617,
      1.1961145401000977,
      1.0452343225479126,
      -0.25342822074890137,
      -0.832573413848877,
      -0.2862100601196289,
      -0.4400324821472168,
      1.4873679876327515,
      1.6239588260650635,
      1.1780425310134888,
      8.419872283935547,
      4.0266947746276855,
      2.844028949737549,
      3.10502290725708
    ],
    "min": -5.372848987579346,
    "max": 11.970812797546387,
    "mean": 1.0000041723251343
  }
}